{"cameraMode":{"drawMode":0,"name":"Shaded","section":"Shading Mode"},"sceneLighting":false,"audioPlay":false,"sceneViewState":{"showFog":true,"showMaterialUpdate":false,"showSkybox":false,"showFlares":true,"showImageEffects":true,"showParticleSystems":true},"in2DMode":false,"pivot":{"x":-7.360000133514404,"y":1.1200000047683716,"z":2.819999933242798},"rotation":{"x":-0.28145354986190798,"y":-0.2940465211868286,"z":0.09105896204710007,"w":-0.9088647365570068},"size":2.8578836917877199,"orthographic":false}