{"cameraMode":{"drawMode":0,"name":"Shaded","section":"Shading Mode"},"sceneLighting":false,"audioPlay":false,"sceneViewState":{"showFog":true,"showMaterialUpdate":false,"showSkybox":false,"showFlares":true,"showImageEffects":true,"showParticleSystems":true},"in2DMode":false,"pivot":{"x":4.1066060066223148,"y":1.1195743083953858,"z":2.8335704803466799},"rotation":{"x":-0.3287026584148407,"y":-0.23941467702388764,"z":0.0865277498960495,"w":-0.9094807505607605},"size":2.829160690307617,"orthographic":false}