{"cameraMode":{"drawMode":0,"name":"Shaded","section":"Shading Mode"},"sceneLighting":true,"audioPlay":false,"sceneViewState":{"showFog":true,"showMaterialUpdate":false,"showSkybox":true,"showFlares":true,"showImageEffects":true,"showParticleSystems":true},"in2DMode":false,"pivot":{"x":420.38494873046877,"y":197.12808227539063,"z":328.5604553222656},"rotation":{"x":-0.0033095560502260925,"y":0.003596413414925337,"z":-0.000002787041466945084,"w":-0.9999997019767761},"size":617.903564453125,"orthographic":false}