{"cameraMode":{"drawMode":0,"name":"Shaded","section":"Shading Mode"},"sceneLighting":false,"audioPlay":false,"sceneViewState":{"showFog":true,"showMaterialUpdate":false,"showSkybox":false,"showFlares":true,"showImageEffects":true,"showParticleSystems":true},"in2DMode":false,"pivot":{"x":4.015495777130127,"y":-0.22730277478694917,"z":-1.8240033388137818},"rotation":{"x":-0.09387209266424179,"y":-0.8585914373397827,"z":0.16985778510570527,"w":-0.47452038526535036},"size":11.460573196411133,"orthographic":false}