{"cameraMode":{"drawMode":0,"name":"Shaded","section":"Shading Mode"},"sceneLighting":false,"audioPlay":false,"sceneViewState":{"showFog":true,"showMaterialUpdate":false,"showSkybox":false,"showFlares":true,"showImageEffects":true,"showParticleSystems":true},"in2DMode":false,"pivot":{"x":-0.07983696460723877,"y":1.420730710029602,"z":-0.14020121097564698},"rotation":{"x":-0.0033095560502260925,"y":0.003596413414925337,"z":-0.000002787041466945084,"w":-0.9999997019767761},"size":6.642547607421875,"orthographic":false}